{
    "2025-08-19": "Real Madrid CF vs CA Osasuna (21:00)",
    "2025-08-24": "Real Oviedo vs Real Madrid CF (21:30)",
    "2025-08-30": "Real Madrid CF vs RCD Mallorca (21:30)",
    "2025-09-13": "Real Sociedad de F\u00fatbol vs Real Madrid CF (16:15)",
    "2025-09-16": "Real Madrid CF vs Olympique de Marseille (21:00)",
    "2025-09-20": "Real Madrid CF vs RCD Espanyol de Barcelona (16:15)",
    "2025-09-23": "Levante UD vs Real Madrid CF (21:30)",
    "2025-09-27": "Club Atl\u00e9tico de Madrid vs Real Madrid CF (16:15)",
    "2025-09-30": "FK Kairat vs Real Madrid CF (18:45)",
    "2025-10-04": "Real Madrid CF vs Villarreal CF (21:00)",
    "2025-10-19": "Getafe CF vs Real Madrid CF (21:00)",
    "2025-10-22": "Real Madrid CF vs Juventus FC (21:00)",
    "2025-10-26": "Real Madrid CF vs FC Barcelona (16:15)",
    "2025-11-01": "Real Madrid CF vs Valencia CF (21:00)",
    "2025-11-04": "Liverpool FC vs Real Madrid CF (21:00)",
    "2025-11-09": "Rayo Vallecano de Madrid vs Real Madrid CF (16:15)",
    "2025-11-23": "Elche CF vs Real Madrid CF (21:00)",
    "2025-11-26": "PAE Olympiakos SFP vs Real Madrid CF (21:00)",
    "2025-11-30": "Girona FC vs Real Madrid CF (21:00)",
    "2025-12-03": "Athletic Club vs Real Madrid CF (19:00)",
    "2025-12-07": "Real Madrid CF vs RC Celta de Vigo (21:00)",
    "2025-12-10": "Real Madrid CF vs Manchester City FC (21:00)",
    "2025-12-14": "Deportivo Alav\u00e9s vs Real Madrid CF (21:00)",
    "2025-12-20": "Real Madrid CF vs Sevilla FC (21:00)",
    "2026-01-04": "Real Madrid CF vs Real Betis Balompi\u00e9 (16:15)",
    "2026-01-17": "Real Madrid CF vs Levante UD (14:00)",
    "2026-01-20": "Real Madrid CF vs AS Monaco FC (21:00)",
    "2026-01-25": "Villarreal CF vs Real Madrid CF (01:00)",
    "2026-01-28": "Sport Lisboa e Benfica vs Real Madrid CF (21:00)",
    "2026-02-01": "Real Madrid CF vs Rayo Vallecano de Madrid (01:00)",
    "2026-02-08": "Valencia CF vs Real Madrid CF (01:00)",
    "2026-02-15": "Real Madrid CF vs Real Sociedad de F\u00fatbol (01:00)",
    "2026-02-22": "CA Osasuna vs Real Madrid CF (01:00)",
    "2026-03-01": "Real Madrid CF vs Getafe CF (01:00)",
    "2026-03-08": "RC Celta de Vigo vs Real Madrid CF (01:00)",
    "2026-03-15": "Real Madrid CF vs Elche CF (01:00)",
    "2026-03-22": "Real Madrid CF vs Club Atl\u00e9tico de Madrid (01:00)",
    "2026-04-05": "RCD Mallorca vs Real Madrid CF (02:00)",
    "2026-04-12": "Real Madrid CF vs Girona FC (02:00)",
    "2026-04-19": "Real Betis Balompi\u00e9 vs Real Madrid CF (02:00)",
    "2026-04-22": "Real Madrid CF vs Deportivo Alav\u00e9s (02:00)",
    "2026-05-03": "RCD Espanyol de Barcelona vs Real Madrid CF (02:00)",
    "2026-05-10": "FC Barcelona vs Real Madrid CF (02:00)",
    "2026-05-13": "Real Madrid CF vs Real Oviedo (02:00)",
    "2026-05-17": "Sevilla FC vs Real Madrid CF (02:00)",
    "2026-05-24": "Real Madrid CF vs Athletic Club (02:00)"
}